Title,cpeName,cveID,riskScore
Tableau Desktop 2021.1,cpe:2.3:a:tableau:tableau_desktop:2021.1:*:*:*:*:*:*:*,,
Adobe Acrobat Reader 20.004.30006 Classic Edition,cpe:2.3:a:adobe:acrobat_reader:20.004.30006:*:*:*:classic:*:*:*,CVE-2021-39836,5.82
Adobe Acrobat Reader 20.004.30006 Classic Edition,cpe:2.3:a:adobe:acrobat_reader:20.004.30006:*:*:*:classic:*:*:*,CVE-2021-39837,5.82
Adobe Acrobat Reader 20.004.30006 Classic Edition,cpe:2.3:a:adobe:acrobat_reader:20.004.30006:*:*:*:classic:*:*:*,CVE-2021-39838,5.82
Adobe Acrobat Reader 20.004.30006 Classic Edition,cpe:2.3:a:adobe:acrobat_reader:20.004.30006:*:*:*:classic:*:*:*,CVE-2021-39839,5.82
Adobe Acrobat Reader 20.004.30006 Classic Edition,cpe:2.3:a:adobe:acrobat_reader:20.004.30006:*:*:*:classic:*:*:*,CVE-2021-39840,5.82
Adobe Acrobat Reader 20.004.30006 Classic Edition,cpe:2.3:a:adobe:acrobat_reader:20.004.30006:*:*:*:classic:*:*:*,CVE-2021-39841,5.82
Adobe Acrobat Reader 20.004.30006 Classic Edition,cpe:2.3:a:adobe:acrobat_reader:20.004.30006:*:*:*:classic:*:*:*,CVE-2021-39842,5.82
Adobe Acrobat Reader 20.004.30006 Classic Edition,cpe:2.3:a:adobe:acrobat_reader:20.004.30006:*:*:*:classic:*:*:*,CVE-2021-39843,5.82
Adobe Acrobat Reader 20.004.30006 Classic Edition,cpe:2.3:a:adobe:acrobat_reader:20.004.30006:*:*:*:classic:*:*:*,CVE-2021-39844,2.45
Adobe Acrobat Reader 20.004.30006 Classic Edition,cpe:2.3:a:adobe:acrobat_reader:20.004.30006:*:*:*:classic:*:*:*,CVE-2021-39845,4.55
Adobe Acrobat Reader 20.004.30006 Classic Edition,cpe:2.3:a:adobe:acrobat_reader:20.004.30006:*:*:*:classic:*:*:*,CVE-2021-39846,4.55
Adobe Acrobat Reader 20.004.30006 Classic Edition,cpe:2.3:a:adobe:acrobat_reader:20.004.30006:*:*:*:classic:*:*:*,CVE-2021-39849,4.1
Adobe Acrobat Reader 20.004.30006 Classic Edition,cpe:2.3:a:adobe:acrobat_reader:20.004.30006:*:*:*:classic:*:*:*,CVE-2021-39850,4.1
Adobe Acrobat Reader 20.004.30006 Classic Edition,cpe:2.3:a:adobe:acrobat_reader:20.004.30006:*:*:*:classic:*:*:*,CVE-2021-39851,4.1
Adobe Acrobat Reader 20.004.30006 Classic Edition,cpe:2.3:a:adobe:acrobat_reader:20.004.30006:*:*:*:classic:*:*:*,CVE-2021-39852,4.1
Adobe Acrobat Reader 20.004.30006 Classic Edition,cpe:2.3:a:adobe:acrobat_reader:20.004.30006:*:*:*:classic:*:*:*,CVE-2021-39853,4.1
Adobe Acrobat Reader 20.004.30006 Classic Edition,cpe:2.3:a:adobe:acrobat_reader:20.004.30006:*:*:*:classic:*:*:*,CVE-2021-39854,4.1
Adobe Acrobat Reader 20.004.30006 Classic Edition,cpe:2.3:a:adobe:acrobat_reader:20.004.30006:*:*:*:classic:*:*:*,CVE-2021-39855,4.85
Adobe Acrobat Reader 20.004.30006 Classic Edition,cpe:2.3:a:adobe:acrobat_reader:20.004.30006:*:*:*:classic:*:*:*,CVE-2021-39856,4.85
Adobe Acrobat Reader 20.004.30006 Classic Edition,cpe:2.3:a:adobe:acrobat_reader:20.004.30006:*:*:*:classic:*:*:*,CVE-2021-39857,3.2
Adobe Acrobat Reader 20.004.30006 Classic Edition,cpe:2.3:a:adobe:acrobat_reader:20.004.30006:*:*:*:classic:*:*:*,CVE-2021-39858,2.45
Adobe Acrobat Reader 20.004.30006 Classic Edition,cpe:2.3:a:adobe:acrobat_reader:20.004.30006:*:*:*:classic:*:*:*,CVE-2021-39860,4.1
Adobe Acrobat Reader 20.004.30006 Classic Edition,cpe:2.3:a:adobe:acrobat_reader:20.004.30006:*:*:*:classic:*:*:*,CVE-2021-39861,4.1
Adobe Acrobat Reader 20.004.30006 Classic Edition,cpe:2.3:a:adobe:acrobat_reader:20.004.30006:*:*:*:classic:*:*:*,CVE-2021-39863,5.82
Adobe Acrobat Reader 20.004.30006 Classic Edition,cpe:2.3:a:adobe:acrobat_reader:20.004.30006:*:*:*:classic:*:*:*,CVE-2021-40724,5.82
Adobe Acrobat Reader 20.004.30006 Classic Edition,cpe:2.3:a:adobe:acrobat_reader:20.004.30006:*:*:*:classic:*:*:*,CVE-2021-40728,5.82
Adobe Acrobat Reader 20.004.30006 Classic Edition,cpe:2.3:a:adobe:acrobat_reader:20.004.30006:*:*:*:classic:*:*:*,CVE-2021-40729,2.45
Adobe Acrobat Reader 20.004.30006 Classic Edition,cpe:2.3:a:adobe:acrobat_reader:20.004.30006:*:*:*:classic:*:*:*,CVE-2021-40730,2.45
Adobe Acrobat Reader 20.004.30006 Classic Edition,cpe:2.3:a:adobe:acrobat_reader:20.004.30006:*:*:*:classic:*:*:*,CVE-2021-40731,5.82
Adobe Acrobat Reader 20.004.30006 Classic Edition,cpe:2.3:a:adobe:acrobat_reader:20.004.30006:*:*:*:classic:*:*:*,CVE-2021-44701,5.82
Adobe Acrobat Reader 20.004.30006 Classic Edition,cpe:2.3:a:adobe:acrobat_reader:20.004.30006:*:*:*:classic:*:*:*,CVE-2021-44702,3.2
Adobe Acrobat Reader 20.004.30006 Classic Edition,cpe:2.3:a:adobe:acrobat_reader:20.004.30006:*:*:*:classic:*:*:*,CVE-2021-44703,5.82
Adobe Acrobat Reader 20.004.30006 Classic Edition,cpe:2.3:a:adobe:acrobat_reader:20.004.30006:*:*:*:classic:*:*:*,CVE-2021-44704,5.82
Adobe Acrobat Reader 20.004.30006 Classic Edition,cpe:2.3:a:adobe:acrobat_reader:20.004.30006:*:*:*:classic:*:*:*,CVE-2021-44705,5.82
Adobe Acrobat Reader 20.004.30006 Classic Edition,cpe:2.3:a:adobe:acrobat_reader:20.004.30006:*:*:*:classic:*:*:*,CVE-2021-44706,5.82
Adobe Acrobat Reader 20.004.30006 Classic Edition,cpe:2.3:a:adobe:acrobat_reader:20.004.30006:*:*:*:classic:*:*:*,CVE-2021-44707,5.82
Adobe Acrobat Reader 20.004.30006 Classic Edition,cpe:2.3:a:adobe:acrobat_reader:20.004.30006:*:*:*:classic:*:*:*,CVE-2021-44708,5.82
Adobe Acrobat Reader 20.004.30006 Classic Edition,cpe:2.3:a:adobe:acrobat_reader:20.004.30006:*:*:*:classic:*:*:*,CVE-2021-44709,5.82
Adobe Acrobat Reader 20.004.30006 Classic Edition,cpe:2.3:a:adobe:acrobat_reader:20.004.30006:*:*:*:classic:*:*:*,CVE-2021-44710,5.82
Adobe Acrobat Reader 20.004.30006 Classic Edition,cpe:2.3:a:adobe:acrobat_reader:20.004.30006:*:*:*:classic:*:*:*,CVE-2021-44711,5.82
Adobe Acrobat Reader 20.004.30006 Classic Edition,cpe:2.3:a:adobe:acrobat_reader:20.004.30006:*:*:*:classic:*:*:*,CVE-2021-44712,4.1
Adobe Acrobat Reader 20.004.30006 Classic Edition,cpe:2.3:a:adobe:acrobat_reader:20.004.30006:*:*:*:classic:*:*:*,CVE-2021-44713,4.1
Adobe Acrobat Reader 20.004.30006 Classic Edition,cpe:2.3:a:adobe:acrobat_reader:20.004.30006:*:*:*:classic:*:*:*,CVE-2021-44714,1.85
Adobe Acrobat Reader 20.004.30006 Classic Edition,cpe:2.3:a:adobe:acrobat_reader:20.004.30006:*:*:*:classic:*:*:*,CVE-2021-44715,2.45
Adobe Acrobat Reader 20.004.30006 Classic Edition,cpe:2.3:a:adobe:acrobat_reader:20.004.30006:*:*:*:classic:*:*:*,CVE-2021-44739,3.2
Adobe Acrobat Reader 20.004.30006 Classic Edition,cpe:2.3:a:adobe:acrobat_reader:20.004.30006:*:*:*:classic:*:*:*,CVE-2021-44740,2.45
Adobe Acrobat Reader 20.004.30006 Classic Edition,cpe:2.3:a:adobe:acrobat_reader:20.004.30006:*:*:*:classic:*:*:*,CVE-2021-44741,2.45
Adobe Acrobat Reader 20.004.30006 Classic Edition,cpe:2.3:a:adobe:acrobat_reader:20.004.30006:*:*:*:classic:*:*:*,CVE-2021-44742,2.45
Adobe Acrobat Reader 20.004.30006 Classic Edition,cpe:2.3:a:adobe:acrobat_reader:20.004.30006:*:*:*:classic:*:*:*,CVE-2021-45060,5.82
Adobe Acrobat Reader 20.004.30006 Classic Edition,cpe:2.3:a:adobe:acrobat_reader:20.004.30006:*:*:*:classic:*:*:*,CVE-2021-45061,5.82
Adobe Acrobat Reader 20.004.30006 Classic Edition,cpe:2.3:a:adobe:acrobat_reader:20.004.30006:*:*:*:classic:*:*:*,CVE-2021-45062,5.82
Adobe Acrobat Reader 20.004.30006 Classic Edition,cpe:2.3:a:adobe:acrobat_reader:20.004.30006:*:*:*:classic:*:*:*,CVE-2021-45063,4.1
Adobe Acrobat Reader 20.004.30006 Classic Edition,cpe:2.3:a:adobe:acrobat_reader:20.004.30006:*:*:*:classic:*:*:*,CVE-2021-45064,5.82
Adobe Acrobat Reader 20.004.30006 Classic Edition,cpe:2.3:a:adobe:acrobat_reader:20.004.30006:*:*:*:classic:*:*:*,CVE-2021-45067,4.1
Adobe Acrobat Reader 20.004.30006 Classic Edition,cpe:2.3:a:adobe:acrobat_reader:20.004.30006:*:*:*:classic:*:*:*,CVE-2021-45068,5.82
Adobe Acrobat Reader 20.004.30006 Classic Edition,cpe:2.3:a:adobe:acrobat_reader:20.004.30006:*:*:*:classic:*:*:*,CVE-2022-24091,5.82
Adobe Acrobat Reader 20.004.30006 Classic Edition,cpe:2.3:a:adobe:acrobat_reader:20.004.30006:*:*:*:classic:*:*:*,CVE-2022-24092,5.82
Adobe Acrobat Reader 20.004.30006 Classic Edition,cpe:2.3:a:adobe:acrobat_reader:20.004.30006:*:*:*:classic:*:*:*,CVE-2022-24101,2.45
Adobe Acrobat Reader 20.004.30006 Classic Edition,cpe:2.3:a:adobe:acrobat_reader:20.004.30006:*:*:*:classic:*:*:*,CVE-2022-24102,5.82
Adobe Acrobat Reader 20.004.30006 Classic Edition,cpe:2.3:a:adobe:acrobat_reader:20.004.30006:*:*:*:classic:*:*:*,CVE-2022-24103,5.82
Adobe Acrobat Reader 20.004.30006 Classic Edition,cpe:2.3:a:adobe:acrobat_reader:20.004.30006:*:*:*:classic:*:*:*,CVE-2022-24104,5.82
Adobe Acrobat Reader 20.004.30006 Classic Edition,cpe:2.3:a:adobe:acrobat_reader:20.004.30006:*:*:*:classic:*:*:*,CVE-2022-27785,5.82
Adobe Acrobat Reader 20.004.30006 Classic Edition,cpe:2.3:a:adobe:acrobat_reader:20.004.30006:*:*:*:classic:*:*:*,CVE-2022-27786,5.82
Adobe Acrobat Reader 20.004.30006 Classic Edition,cpe:2.3:a:adobe:acrobat_reader:20.004.30006:*:*:*:classic:*:*:*,CVE-2022-27787,5.82
Adobe Acrobat Reader 20.004.30006 Classic Edition,cpe:2.3:a:adobe:acrobat_reader:20.004.30006:*:*:*:classic:*:*:*,CVE-2022-27788,5.82
Adobe Acrobat Reader 20.004.30006 Classic Edition,cpe:2.3:a:adobe:acrobat_reader:20.004.30006:*:*:*:classic:*:*:*,CVE-2022-27789,5.82
Adobe Acrobat Reader 20.004.30006 Classic Edition,cpe:2.3:a:adobe:acrobat_reader:20.004.30006:*:*:*:classic:*:*:*,CVE-2022-27790,5.82
Adobe Acrobat Reader 20.004.30006 Classic Edition,cpe:2.3:a:adobe:acrobat_reader:20.004.30006:*:*:*:classic:*:*:*,CVE-2022-27791,5.82
Adobe Acrobat Reader 20.004.30006 Classic Edition,cpe:2.3:a:adobe:acrobat_reader:20.004.30006:*:*:*:classic:*:*:*,CVE-2022-27792,5.82
Adobe Acrobat Reader 20.004.30006 Classic Edition,cpe:2.3:a:adobe:acrobat_reader:20.004.30006:*:*:*:classic:*:*:*,CVE-2022-27793,5.82
Adobe Acrobat Reader 20.004.30006 Classic Edition,cpe:2.3:a:adobe:acrobat_reader:20.004.30006:*:*:*:classic:*:*:*,CVE-2022-27794,5.82
Adobe Acrobat Reader 20.004.30006 Classic Edition,cpe:2.3:a:adobe:acrobat_reader:20.004.30006:*:*:*:classic:*:*:*,CVE-2022-27795,5.82
Adobe Acrobat Reader 20.004.30006 Classic Edition,cpe:2.3:a:adobe:acrobat_reader:20.004.30006:*:*:*:classic:*:*:*,CVE-2022-27796,5.82
Adobe Acrobat Reader 20.004.30006 Classic Edition,cpe:2.3:a:adobe:acrobat_reader:20.004.30006:*:*:*:classic:*:*:*,CVE-2022-27797,5.82
Adobe Acrobat Reader 20.004.30006 Classic Edition,cpe:2.3:a:adobe:acrobat_reader:20.004.30006:*:*:*:classic:*:*:*,CVE-2022-27798,5.82
Adobe Acrobat Reader 20.004.30006 Classic Edition,cpe:2.3:a:adobe:acrobat_reader:20.004.30006:*:*:*:classic:*:*:*,CVE-2022-27799,5.82
Adobe Acrobat Reader 20.004.30006 Classic Edition,cpe:2.3:a:adobe:acrobat_reader:20.004.30006:*:*:*:classic:*:*:*,CVE-2022-27800,5.82
Adobe Acrobat Reader 20.004.30006 Classic Edition,cpe:2.3:a:adobe:acrobat_reader:20.004.30006:*:*:*:classic:*:*:*,CVE-2022-27801,5.82
Adobe Acrobat Reader 20.004.30006 Classic Edition,cpe:2.3:a:adobe:acrobat_reader:20.004.30006:*:*:*:classic:*:*:*,CVE-2022-27802,5.82
Adobe Acrobat Reader 20.004.30006 Classic Edition,cpe:2.3:a:adobe:acrobat_reader:20.004.30006:*:*:*:classic:*:*:*,CVE-2022-28230,5.82
Adobe Acrobat Reader 20.004.30006 Classic Edition,cpe:2.3:a:adobe:acrobat_reader:20.004.30006:*:*:*:classic:*:*:*,CVE-2022-28231,5.82
Adobe Acrobat Reader 20.004.30006 Classic Edition,cpe:2.3:a:adobe:acrobat_reader:20.004.30006:*:*:*:classic:*:*:*,CVE-2022-28232,5.82
Adobe Acrobat Reader 20.004.30006 Classic Edition,cpe:2.3:a:adobe:acrobat_reader:20.004.30006:*:*:*:classic:*:*:*,CVE-2022-28233,5.82
Adobe Acrobat Reader 20.004.30006 Classic Edition,cpe:2.3:a:adobe:acrobat_reader:20.004.30006:*:*:*:classic:*:*:*,CVE-2022-28234,5.82
Adobe Acrobat Reader 20.004.30006 Classic Edition,cpe:2.3:a:adobe:acrobat_reader:20.004.30006:*:*:*:classic:*:*:*,CVE-2022-28235,5.82
Adobe Acrobat Reader 20.004.30006 Classic Edition,cpe:2.3:a:adobe:acrobat_reader:20.004.30006:*:*:*:classic:*:*:*,CVE-2022-28236,5.82
Adobe Acrobat Reader 20.004.30006 Classic Edition,cpe:2.3:a:adobe:acrobat_reader:20.004.30006:*:*:*:classic:*:*:*,CVE-2022-28237,5.82
Adobe Acrobat Reader 20.004.30006 Classic Edition,cpe:2.3:a:adobe:acrobat_reader:20.004.30006:*:*:*:classic:*:*:*,CVE-2022-28238,5.82
Adobe Acrobat Reader 20.004.30006 Classic Edition,cpe:2.3:a:adobe:acrobat_reader:20.004.30006:*:*:*:classic:*:*:*,CVE-2022-28239,5.82
Adobe Acrobat Reader 20.004.30006 Classic Edition,cpe:2.3:a:adobe:acrobat_reader:20.004.30006:*:*:*:classic:*:*:*,CVE-2022-28240,5.82
Adobe Acrobat Reader 20.004.30006 Classic Edition,cpe:2.3:a:adobe:acrobat_reader:20.004.30006:*:*:*:classic:*:*:*,CVE-2022-28241,5.82
Adobe Acrobat Reader 20.004.30006 Classic Edition,cpe:2.3:a:adobe:acrobat_reader:20.004.30006:*:*:*:classic:*:*:*,CVE-2022-28242,5.82
Adobe Acrobat Reader 20.004.30006 Classic Edition,cpe:2.3:a:adobe:acrobat_reader:20.004.30006:*:*:*:classic:*:*:*,CVE-2022-28243,5.82
Adobe Acrobat Reader 20.004.30006 Classic Edition,cpe:2.3:a:adobe:acrobat_reader:20.004.30006:*:*:*:classic:*:*:*,CVE-2022-28244,4.6
Adobe Acrobat Reader 20.004.30006 Classic Edition,cpe:2.3:a:adobe:acrobat_reader:20.004.30006:*:*:*:classic:*:*:*,CVE-2022-28245,4.1
Adobe Acrobat Reader 20.004.30006 Classic Edition,cpe:2.3:a:adobe:acrobat_reader:20.004.30006:*:*:*:classic:*:*:*,CVE-2022-28246,4.1
Adobe Acrobat Reader 20.004.30006 Classic Edition,cpe:2.3:a:adobe:acrobat_reader:20.004.30006:*:*:*:classic:*:*:*,CVE-2022-28247,5.03
Adobe Acrobat Reader 20.004.30006 Classic Edition,cpe:2.3:a:adobe:acrobat_reader:20.004.30006:*:*:*:classic:*:*:*,CVE-2022-28248,4.1
Adobe Acrobat Reader 20.004.30006 Classic Edition,cpe:2.3:a:adobe:acrobat_reader:20.004.30006:*:*:*:classic:*:*:*,CVE-2022-28249,4.1
Adobe Acrobat Reader 20.004.30006 Classic Edition,cpe:2.3:a:adobe:acrobat_reader:20.004.30006:*:*:*:classic:*:*:*,CVE-2022-28250,4.1
Adobe Acrobat Reader 20.004.30006 Classic Edition,cpe:2.3:a:adobe:acrobat_reader:20.004.30006:*:*:*:classic:*:*:*,CVE-2022-28251,4.1
Adobe Acrobat Reader 20.004.30006 Classic Edition,cpe:2.3:a:adobe:acrobat_reader:20.004.30006:*:*:*:classic:*:*:*,CVE-2022-28252,2.45
Adobe Acrobat Reader 20.004.30006 Classic Edition,cpe:2.3:a:adobe:acrobat_reader:20.004.30006:*:*:*:classic:*:*:*,CVE-2022-28253,4.1
Adobe Acrobat Reader 20.004.30006 Classic Edition,cpe:2.3:a:adobe:acrobat_reader:20.004.30006:*:*:*:classic:*:*:*,CVE-2022-28254,4.1
Adobe Acrobat Reader 20.004.30006 Classic Edition,cpe:2.3:a:adobe:acrobat_reader:20.004.30006:*:*:*:classic:*:*:*,CVE-2022-28255,4.1
Adobe Acrobat Reader 20.004.30006 Classic Edition,cpe:2.3:a:adobe:acrobat_reader:20.004.30006:*:*:*:classic:*:*:*,CVE-2022-28256,4.1
Adobe Acrobat Reader 20.004.30006 Classic Edition,cpe:2.3:a:adobe:acrobat_reader:20.004.30006:*:*:*:classic:*:*:*,CVE-2022-28257,4.1
Adobe Acrobat Reader 20.004.30006 Classic Edition,cpe:2.3:a:adobe:acrobat_reader:20.004.30006:*:*:*:classic:*:*:*,CVE-2022-28258,4.1
Adobe Acrobat Reader 20.004.30006 Classic Edition,cpe:2.3:a:adobe:acrobat_reader:20.004.30006:*:*:*:classic:*:*:*,CVE-2022-28259,4.1
Adobe Acrobat Reader 20.004.30006 Classic Edition,cpe:2.3:a:adobe:acrobat_reader:20.004.30006:*:*:*:classic:*:*:*,CVE-2022-28260,4.1
Adobe Acrobat Reader 20.004.30006 Classic Edition,cpe:2.3:a:adobe:acrobat_reader:20.004.30006:*:*:*:classic:*:*:*,CVE-2022-28261,4.1
Adobe Acrobat Reader 20.004.30006 Classic Edition,cpe:2.3:a:adobe:acrobat_reader:20.004.30006:*:*:*:classic:*:*:*,CVE-2022-28262,4.1
Adobe Acrobat Reader 20.004.30006 Classic Edition,cpe:2.3:a:adobe:acrobat_reader:20.004.30006:*:*:*:classic:*:*:*,CVE-2022-28263,4.1
Adobe Acrobat Reader 20.004.30006 Classic Edition,cpe:2.3:a:adobe:acrobat_reader:20.004.30006:*:*:*:classic:*:*:*,CVE-2022-28264,4.1
Adobe Acrobat Reader 20.004.30006 Classic Edition,cpe:2.3:a:adobe:acrobat_reader:20.004.30006:*:*:*:classic:*:*:*,CVE-2022-28265,4.1
Adobe Acrobat Reader 20.004.30006 Classic Edition,cpe:2.3:a:adobe:acrobat_reader:20.004.30006:*:*:*:classic:*:*:*,CVE-2022-28266,4.1
Adobe Acrobat Reader 20.004.30006 Classic Edition,cpe:2.3:a:adobe:acrobat_reader:20.004.30006:*:*:*:classic:*:*:*,CVE-2022-28267,4.1
Adobe Acrobat Reader 20.004.30006 Classic Edition,cpe:2.3:a:adobe:acrobat_reader:20.004.30006:*:*:*:classic:*:*:*,CVE-2022-28268,2.45
Adobe Acrobat Reader 20.004.30006 Classic Edition,cpe:2.3:a:adobe:acrobat_reader:20.004.30006:*:*:*:classic:*:*:*,CVE-2022-28269,2.45
Adobe Acrobat Reader 20.004.30006 Classic Edition,cpe:2.3:a:adobe:acrobat_reader:20.004.30006:*:*:*:classic:*:*:*,CVE-2022-28837,4.1
Adobe Acrobat Reader 20.004.30006 Classic Edition,cpe:2.3:a:adobe:acrobat_reader:20.004.30006:*:*:*:classic:*:*:*,CVE-2022-28838,5.82
Adobe Acrobat Reader 20.004.30006 Classic Edition,cpe:2.3:a:adobe:acrobat_reader:20.004.30006:*:*:*:classic:*:*:*,CVE-2022-34215,5.82
Adobe Acrobat Reader 20.004.30006 Classic Edition,cpe:2.3:a:adobe:acrobat_reader:20.004.30006:*:*:*:classic:*:*:*,CVE-2022-34216,5.82
Adobe Acrobat Reader 20.004.30006 Classic Edition,cpe:2.3:a:adobe:acrobat_reader:20.004.30006:*:*:*:classic:*:*:*,CVE-2022-34217,5.82
Adobe Acrobat Reader 20.004.30006 Classic Edition,cpe:2.3:a:adobe:acrobat_reader:20.004.30006:*:*:*:classic:*:*:*,CVE-2022-34219,5.82
Adobe Acrobat Reader 20.004.30006 Classic Edition,cpe:2.3:a:adobe:acrobat_reader:20.004.30006:*:*:*:classic:*:*:*,CVE-2022-34220,5.82
Adobe Acrobat Reader 20.004.30006 Classic Edition,cpe:2.3:a:adobe:acrobat_reader:20.004.30006:*:*:*:classic:*:*:*,CVE-2022-34221,5.82
Adobe Acrobat Reader 20.004.30006 Classic Edition,cpe:2.3:a:adobe:acrobat_reader:20.004.30006:*:*:*:classic:*:*:*,CVE-2022-34222,5.82
Adobe Acrobat Reader 20.004.30006 Classic Edition,cpe:2.3:a:adobe:acrobat_reader:20.004.30006:*:*:*:classic:*:*:*,CVE-2022-34223,5.82
Adobe Acrobat Reader 20.004.30006 Classic Edition,cpe:2.3:a:adobe:acrobat_reader:20.004.30006:*:*:*:classic:*:*:*,CVE-2022-34225,5.82
Adobe Acrobat Reader 20.004.30006 Classic Edition,cpe:2.3:a:adobe:acrobat_reader:20.004.30006:*:*:*:classic:*:*:*,CVE-2022-34226,5.82
Adobe Acrobat Reader 20.004.30006 Classic Edition,cpe:2.3:a:adobe:acrobat_reader:20.004.30006:*:*:*:classic:*:*:*,CVE-2022-34228,5.82
Adobe Acrobat Reader 20.004.30006 Classic Edition,cpe:2.3:a:adobe:acrobat_reader:20.004.30006:*:*:*:classic:*:*:*,CVE-2022-34229,5.82
Adobe Acrobat Reader 20.004.30006 Classic Edition,cpe:2.3:a:adobe:acrobat_reader:20.004.30006:*:*:*:classic:*:*:*,CVE-2022-34230,5.82
Adobe Acrobat Reader 20.004.30006 Classic Edition,cpe:2.3:a:adobe:acrobat_reader:20.004.30006:*:*:*:classic:*:*:*,CVE-2022-34232,4.1
Adobe Acrobat Reader 20.004.30006 Classic Edition,cpe:2.3:a:adobe:acrobat_reader:20.004.30006:*:*:*:classic:*:*:*,CVE-2022-34233,4.1
Adobe Acrobat Reader 20.004.30006 Classic Edition,cpe:2.3:a:adobe:acrobat_reader:20.004.30006:*:*:*:classic:*:*:*,CVE-2022-34234,4.1
Adobe Acrobat Reader 20.004.30006 Classic Edition,cpe:2.3:a:adobe:acrobat_reader:20.004.30006:*:*:*:classic:*:*:*,CVE-2022-34236,4.1
Adobe Acrobat Reader 20.004.30006 Classic Edition,cpe:2.3:a:adobe:acrobat_reader:20.004.30006:*:*:*:classic:*:*:*,CVE-2022-34237,4.1
Adobe Acrobat Reader 20.004.30006 Classic Edition,cpe:2.3:a:adobe:acrobat_reader:20.004.30006:*:*:*:classic:*:*:*,CVE-2022-34239,4.1
Adobe Acrobat Reader 20.004.30006 Classic Edition,cpe:2.3:a:adobe:acrobat_reader:20.004.30006:*:*:*:classic:*:*:*,CVE-2022-35669,4.1
Adobe Acrobat Reader 20.004.30006 Classic Edition,cpe:2.3:a:adobe:acrobat_reader:20.004.30006:*:*:*:classic:*:*:*,CVE-2022-35672,5.82
Adobe Acrobat Reader 20.004.30006 Classic Edition,cpe:2.3:a:adobe:acrobat_reader:20.004.30006:*:*:*:classic:*:*:*,CVE-2022-35665,5.82
Adobe Acrobat Reader 20.004.30006 Classic Edition,cpe:2.3:a:adobe:acrobat_reader:20.004.30006:*:*:*:classic:*:*:*,CVE-2022-35666,5.82
Adobe Acrobat Reader 20.004.30006 Classic Edition,cpe:2.3:a:adobe:acrobat_reader:20.004.30006:*:*:*:classic:*:*:*,CVE-2022-35667,5.82
Adobe Acrobat Reader 20.004.30006 Classic Edition,cpe:2.3:a:adobe:acrobat_reader:20.004.30006:*:*:*:classic:*:*:*,CVE-2022-35668,4.1
Adobe Acrobat Reader 20.004.30006 Classic Edition,cpe:2.3:a:adobe:acrobat_reader:20.004.30006:*:*:*:classic:*:*:*,CVE-2022-35670,4.1
Adobe Acrobat Reader 20.004.30006 Classic Edition,cpe:2.3:a:adobe:acrobat_reader:20.004.30006:*:*:*:classic:*:*:*,CVE-2022-35671,4.1
Adobe Acrobat Reader 20.004.30006 Classic Edition,cpe:2.3:a:adobe:acrobat_reader:20.004.30006:*:*:*:classic:*:*:*,CVE-2022-35678,4.1
Adobe Acrobat Reader 20.004.30006 Classic Edition,cpe:2.3:a:adobe:acrobat_reader:20.004.30006:*:*:*:classic:*:*:*,CVE-2022-35691,4.1
Adobe Acrobat Reader 20.004.30006 Classic Edition,cpe:2.3:a:adobe:acrobat_reader:20.004.30006:*:*:*:classic:*:*:*,CVE-2022-38437,4.1
Adobe Acrobat Reader 20.004.30006 Classic Edition,cpe:2.3:a:adobe:acrobat_reader:20.004.30006:*:*:*:classic:*:*:*,CVE-2022-38449,4.1
Adobe Acrobat Reader 20.004.30006 Classic Edition,cpe:2.3:a:adobe:acrobat_reader:20.004.30006:*:*:*:classic:*:*:*,CVE-2022-38450,5.82
Adobe Acrobat Reader 20.004.30006 Classic Edition,cpe:2.3:a:adobe:acrobat_reader:20.004.30006:*:*:*:classic:*:*:*,CVE-2022-42339,5.82
Adobe Acrobat Reader 20.004.30006 Classic Edition,cpe:2.3:a:adobe:acrobat_reader:20.004.30006:*:*:*:classic:*:*:*,CVE-2022-42342,4.1
Adobe Acrobat Reader 20.004.30006 Classic Edition,cpe:2.3:a:adobe:acrobat_reader:20.004.30006:*:*:*:classic:*:*:*,CVE-2023-21579,5.82
Adobe Acrobat Reader 20.004.30006 Classic Edition,cpe:2.3:a:adobe:acrobat_reader:20.004.30006:*:*:*:classic:*:*:*,CVE-2023-21581,4.1
Adobe Acrobat Reader 20.004.30006 Classic Edition,cpe:2.3:a:adobe:acrobat_reader:20.004.30006:*:*:*:classic:*:*:*,CVE-2023-21585,4.1
Adobe Acrobat Reader 20.004.30006 Classic Edition,cpe:2.3:a:adobe:acrobat_reader:20.004.30006:*:*:*:classic:*:*:*,CVE-2023-21604,5.82
Adobe Acrobat Reader 20.004.30006 Classic Edition,cpe:2.3:a:adobe:acrobat_reader:20.004.30006:*:*:*:classic:*:*:*,CVE-2023-21605,5.82
Adobe Acrobat Reader 20.004.30006 Classic Edition,cpe:2.3:a:adobe:acrobat_reader:20.004.30006:*:*:*:classic:*:*:*,CVE-2023-21606,5.82
Adobe Acrobat Reader 20.004.30006 Classic Edition,cpe:2.3:a:adobe:acrobat_reader:20.004.30006:*:*:*:classic:*:*:*,CVE-2023-21607,5.82
Adobe Acrobat Reader 20.004.30006 Classic Edition,cpe:2.3:a:adobe:acrobat_reader:20.004.30006:*:*:*:classic:*:*:*,CVE-2023-21608,5.82
Adobe Acrobat Reader 20.004.30006 Classic Edition,cpe:2.3:a:adobe:acrobat_reader:20.004.30006:*:*:*:classic:*:*:*,CVE-2023-21609,5.82
Adobe Acrobat Reader 20.004.30006 Classic Edition,cpe:2.3:a:adobe:acrobat_reader:20.004.30006:*:*:*:classic:*:*:*,CVE-2023-21610,5.82
Adobe Acrobat Reader 20.004.30006 Classic Edition,cpe:2.3:a:adobe:acrobat_reader:20.004.30006:*:*:*:classic:*:*:*,CVE-2023-21611,5.82
Adobe Acrobat Reader 20.004.30006 Classic Edition,cpe:2.3:a:adobe:acrobat_reader:20.004.30006:*:*:*:classic:*:*:*,CVE-2023-21612,5.82
Adobe Acrobat Reader 20.004.30006 Classic Edition,cpe:2.3:a:adobe:acrobat_reader:20.004.30006:*:*:*:classic:*:*:*,CVE-2023-21613,4.1
Adobe Acrobat Reader 20.004.30006 Classic Edition,cpe:2.3:a:adobe:acrobat_reader:20.004.30006:*:*:*:classic:*:*:*,CVE-2023-21614,4.1
Adobe Acrobat Reader 20.004.30006 Classic Edition,cpe:2.3:a:adobe:acrobat_reader:20.004.30006:*:*:*:classic:*:*:*,CVE-2023-22240,5.82
Adobe Acrobat Reader 20.004.30006 Classic Edition,cpe:2.3:a:adobe:acrobat_reader:20.004.30006:*:*:*:classic:*:*:*,CVE-2023-22241,5.82
Adobe Acrobat Reader 20.004.30006 Classic Edition,cpe:2.3:a:adobe:acrobat_reader:20.004.30006:*:*:*:classic:*:*:*,CVE-2023-22242,5.82
Adobe Acrobat Reader 20.004.30006 Classic Edition,cpe:2.3:a:adobe:acrobat_reader:20.004.30006:*:*:*:classic:*:*:*,CVE-2023-26395,5.82
Adobe Acrobat Reader 20.004.30006 Classic Edition,cpe:2.3:a:adobe:acrobat_reader:20.004.30006:*:*:*:classic:*:*:*,CVE-2023-26396,5.82
Adobe Acrobat Reader 20.004.30006 Classic Edition,cpe:2.3:a:adobe:acrobat_reader:20.004.30006:*:*:*:classic:*:*:*,CVE-2023-26397,4.1
Adobe Acrobat Reader 20.004.30006 Classic Edition,cpe:2.3:a:adobe:acrobat_reader:20.004.30006:*:*:*:classic:*:*:*,CVE-2023-26405,5.82
Adobe Acrobat Reader 20.004.30006 Classic Edition,cpe:2.3:a:adobe:acrobat_reader:20.004.30006:*:*:*:classic:*:*:*,CVE-2023-26406,5.82
Adobe Acrobat Reader 20.004.30006 Classic Edition,cpe:2.3:a:adobe:acrobat_reader:20.004.30006:*:*:*:classic:*:*:*,CVE-2023-26407,5.82
Adobe Acrobat Reader 20.004.30006 Classic Edition,cpe:2.3:a:adobe:acrobat_reader:20.004.30006:*:*:*:classic:*:*:*,CVE-2023-26408,5.82
Adobe Acrobat Reader 20.004.30006 Classic Edition,cpe:2.3:a:adobe:acrobat_reader:20.004.30006:*:*:*:classic:*:*:*,CVE-2023-26417,5.82
Adobe Acrobat Reader 20.004.30006 Classic Edition,cpe:2.3:a:adobe:acrobat_reader:20.004.30006:*:*:*:classic:*:*:*,CVE-2023-26418,5.82
Adobe Acrobat Reader 20.004.30006 Classic Edition,cpe:2.3:a:adobe:acrobat_reader:20.004.30006:*:*:*:classic:*:*:*,CVE-2023-26419,5.82
Adobe Acrobat Reader 20.004.30006 Classic Edition,cpe:2.3:a:adobe:acrobat_reader:20.004.30006:*:*:*:classic:*:*:*,CVE-2023-26420,5.82
Adobe Acrobat Reader 20.004.30006 Classic Edition,cpe:2.3:a:adobe:acrobat_reader:20.004.30006:*:*:*:classic:*:*:*,CVE-2023-26421,5.82
Adobe Acrobat Reader 20.004.30006 Classic Edition,cpe:2.3:a:adobe:acrobat_reader:20.004.30006:*:*:*:classic:*:*:*,CVE-2023-26422,5.82
Adobe Acrobat Reader 20.004.30006 Classic Edition,cpe:2.3:a:adobe:acrobat_reader:20.004.30006:*:*:*:classic:*:*:*,CVE-2023-26423,5.82
Adobe Acrobat Reader 20.004.30006 Classic Edition,cpe:2.3:a:adobe:acrobat_reader:20.004.30006:*:*:*:classic:*:*:*,CVE-2023-26424,5.82
Adobe Acrobat Reader 20.004.30006 Classic Edition,cpe:2.3:a:adobe:acrobat_reader:20.004.30006:*:*:*:classic:*:*:*,CVE-2023-26425,5.82
Adobe Acrobat Reader 20.004.30006 Classic Edition,cpe:2.3:a:adobe:acrobat_reader:20.004.30006:*:*:*:classic:*:*:*,CVE-2023-29299,3.5
Adobe Acrobat Reader 20.004.30006 Classic Edition,cpe:2.3:a:adobe:acrobat_reader:20.004.30006:*:*:*:classic:*:*:*,CVE-2023-29303,4.1
Adobe Acrobat Reader 20.004.30006 Classic Edition,cpe:2.3:a:adobe:acrobat_reader:20.004.30006:*:*:*:classic:*:*:*,CVE-2023-29320,5.82
Adobe Acrobat Reader 20.004.30006 Classic Edition,cpe:2.3:a:adobe:acrobat_reader:20.004.30006:*:*:*:classic:*:*:*,CVE-2023-38222,5.82
Adobe Acrobat Reader 20.004.30006 Classic Edition,cpe:2.3:a:adobe:acrobat_reader:20.004.30006:*:*:*:classic:*:*:*,CVE-2023-38223,5.82
Adobe Acrobat Reader 20.004.30006 Classic Edition,cpe:2.3:a:adobe:acrobat_reader:20.004.30006:*:*:*:classic:*:*:*,CVE-2023-38224,5.82
Adobe Acrobat Reader 20.004.30006 Classic Edition,cpe:2.3:a:adobe:acrobat_reader:20.004.30006:*:*:*:classic:*:*:*,CVE-2023-38225,5.82
Adobe Acrobat Reader 20.004.30006 Classic Edition,cpe:2.3:a:adobe:acrobat_reader:20.004.30006:*:*:*:classic:*:*:*,CVE-2023-38226,5.82
Adobe Acrobat Reader 20.004.30006 Classic Edition,cpe:2.3:a:adobe:acrobat_reader:20.004.30006:*:*:*:classic:*:*:*,CVE-2023-38227,5.82
Adobe Acrobat Reader 20.004.30006 Classic Edition,cpe:2.3:a:adobe:acrobat_reader:20.004.30006:*:*:*:classic:*:*:*,CVE-2023-38228,5.82
Adobe Acrobat Reader 20.004.30006 Classic Edition,cpe:2.3:a:adobe:acrobat_reader:20.004.30006:*:*:*:classic:*:*:*,CVE-2023-38229,5.82
Adobe Acrobat Reader 20.004.30006 Classic Edition,cpe:2.3:a:adobe:acrobat_reader:20.004.30006:*:*:*:classic:*:*:*,CVE-2023-38230,4.1
Adobe Acrobat Reader 20.004.30006 Classic Edition,cpe:2.3:a:adobe:acrobat_reader:20.004.30006:*:*:*:classic:*:*:*,CVE-2023-38231,5.82
Adobe Acrobat Reader 20.004.30006 Classic Edition,cpe:2.3:a:adobe:acrobat_reader:20.004.30006:*:*:*:classic:*:*:*,CVE-2023-38232,4.1
Adobe Acrobat Reader 20.004.30006 Classic Edition,cpe:2.3:a:adobe:acrobat_reader:20.004.30006:*:*:*:classic:*:*:*,CVE-2023-38233,5.82
Adobe Acrobat Reader 20.004.30006 Classic Edition,cpe:2.3:a:adobe:acrobat_reader:20.004.30006:*:*:*:classic:*:*:*,CVE-2023-38234,5.82
Adobe Acrobat Reader 20.004.30006 Classic Edition,cpe:2.3:a:adobe:acrobat_reader:20.004.30006:*:*:*:classic:*:*:*,CVE-2023-38235,4.1
Adobe Acrobat Reader 20.004.30006 Classic Edition,cpe:2.3:a:adobe:acrobat_reader:20.004.30006:*:*:*:classic:*:*:*,CVE-2023-38236,4.1
Adobe Acrobat Reader 20.004.30006 Classic Edition,cpe:2.3:a:adobe:acrobat_reader:20.004.30006:*:*:*:classic:*:*:*,CVE-2023-38237,4.1
Adobe Acrobat Reader 20.004.30006 Classic Edition,cpe:2.3:a:adobe:acrobat_reader:20.004.30006:*:*:*:classic:*:*:*,CVE-2023-38238,4.1
Adobe Acrobat Reader 20.004.30006 Classic Edition,cpe:2.3:a:adobe:acrobat_reader:20.004.30006:*:*:*:classic:*:*:*,CVE-2023-38239,4.1
Adobe Acrobat Reader 20.004.30006 Classic Edition,cpe:2.3:a:adobe:acrobat_reader:20.004.30006:*:*:*:classic:*:*:*,CVE-2023-38240,4.1
Adobe Acrobat Reader 20.004.30006 Classic Edition,cpe:2.3:a:adobe:acrobat_reader:20.004.30006:*:*:*:classic:*:*:*,CVE-2023-38241,4.1
Adobe Acrobat Reader 20.004.30006 Classic Edition,cpe:2.3:a:adobe:acrobat_reader:20.004.30006:*:*:*:classic:*:*:*,CVE-2023-38242,4.1
Adobe Acrobat Reader 20.004.30006 Classic Edition,cpe:2.3:a:adobe:acrobat_reader:20.004.30006:*:*:*:classic:*:*:*,CVE-2023-38243,4.1
Adobe Acrobat Reader 20.004.30006 Classic Edition,cpe:2.3:a:adobe:acrobat_reader:20.004.30006:*:*:*:classic:*:*:*,CVE-2023-38244,4.1
Adobe Acrobat Reader 20.004.30006 Classic Edition,cpe:2.3:a:adobe:acrobat_reader:20.004.30006:*:*:*:classic:*:*:*,CVE-2023-38245,4.1
Adobe Acrobat Reader 20.004.30006 Classic Edition,cpe:2.3:a:adobe:acrobat_reader:20.004.30006:*:*:*:classic:*:*:*,CVE-2023-38246,5.82
Adobe Acrobat Reader 20.004.30006 Classic Edition,cpe:2.3:a:adobe:acrobat_reader:20.004.30006:*:*:*:classic:*:*:*,CVE-2023-38247,4.1
Adobe Acrobat Reader 20.004.30006 Classic Edition,cpe:2.3:a:adobe:acrobat_reader:20.004.30006:*:*:*:classic:*:*:*,CVE-2023-38248,4.1
Adobe Acrobat Reader 20.004.30006 Classic Edition,cpe:2.3:a:adobe:acrobat_reader:20.004.30006:*:*:*:classic:*:*:*,CVE-2021-39859,4.1
Adobe Acrobat Reader 20.004.30006 Classic Edition,cpe:2.3:a:adobe:acrobat_reader:20.004.30006:*:*:*:classic:*:*:*,CVE-2022-34224,5.82
Adobe Acrobat Reader 20.004.30006 Classic Edition,cpe:2.3:a:adobe:acrobat_reader:20.004.30006:*:*:*:classic:*:*:*,CVE-2022-34227,5.82
Adobe Acrobat Reader 20.004.30006 Classic Edition,cpe:2.3:a:adobe:acrobat_reader:20.004.30006:*:*:*:classic:*:*:*,CVE-2022-34238,4.1
Adobe Acrobat Reader 20.004.30006 Classic Edition,cpe:2.3:a:adobe:acrobat_reader:20.004.30006:*:*:*:classic:*:*:*,CVE-2023-26369,5.82
Adobe Acrobat Reader 20.004.30006 Classic Edition,cpe:2.3:a:adobe:acrobat_reader:20.004.30006:*:*:*:classic:*:*:*,CVE-2023-44336,5.82
Adobe Acrobat Reader 20.004.30006 Classic Edition,cpe:2.3:a:adobe:acrobat_reader:20.004.30006:*:*:*:classic:*:*:*,CVE-2023-44337,5.82
Adobe Acrobat Reader 20.004.30006 Classic Edition,cpe:2.3:a:adobe:acrobat_reader:20.004.30006:*:*:*:classic:*:*:*,CVE-2023-44338,5.82
Adobe Acrobat Reader 20.004.30006 Classic Edition,cpe:2.3:a:adobe:acrobat_reader:20.004.30006:*:*:*:classic:*:*:*,CVE-2023-44339,4.1
Adobe Acrobat Reader 20.004.30006 Classic Edition,cpe:2.3:a:adobe:acrobat_reader:20.004.30006:*:*:*:classic:*:*:*,CVE-2023-44340,4.1
Adobe Acrobat Reader 20.004.30006 Classic Edition,cpe:2.3:a:adobe:acrobat_reader:20.004.30006:*:*:*:classic:*:*:*,CVE-2023-44348,4.1
Adobe Acrobat Reader 20.004.30006 Classic Edition,cpe:2.3:a:adobe:acrobat_reader:20.004.30006:*:*:*:classic:*:*:*,CVE-2023-44356,4.1
Adobe Acrobat Reader 20.004.30006 Classic Edition,cpe:2.3:a:adobe:acrobat_reader:20.004.30006:*:*:*:classic:*:*:*,CVE-2023-44357,4.1
Adobe Acrobat Reader 20.004.30006 Classic Edition,cpe:2.3:a:adobe:acrobat_reader:20.004.30006:*:*:*:classic:*:*:*,CVE-2023-44358,4.1
Adobe Acrobat Reader 20.004.30006 Classic Edition,cpe:2.3:a:adobe:acrobat_reader:20.004.30006:*:*:*:classic:*:*:*,CVE-2023-44359,5.82
Adobe Acrobat Reader 20.004.30006 Classic Edition,cpe:2.3:a:adobe:acrobat_reader:20.004.30006:*:*:*:classic:*:*:*,CVE-2023-44360,4.1
Adobe Acrobat Reader 20.004.30006 Classic Edition,cpe:2.3:a:adobe:acrobat_reader:20.004.30006:*:*:*:classic:*:*:*,CVE-2023-44361,4.1
Adobe Acrobat Reader 20.004.30006 Classic Edition,cpe:2.3:a:adobe:acrobat_reader:20.004.30006:*:*:*:classic:*:*:*,CVE-2023-44365,5.82
Adobe Acrobat Reader 20.004.30006 Classic Edition,cpe:2.3:a:adobe:acrobat_reader:20.004.30006:*:*:*:classic:*:*:*,CVE-2023-44366,5.82
Adobe Acrobat Reader 20.004.30006 Classic Edition,cpe:2.3:a:adobe:acrobat_reader:20.004.30006:*:*:*:classic:*:*:*,CVE-2023-44367,5.82
Adobe Acrobat Reader 20.004.30006 Classic Edition,cpe:2.3:a:adobe:acrobat_reader:20.004.30006:*:*:*:classic:*:*:*,CVE-2023-44371,5.82
Adobe Acrobat Reader 20.004.30006 Classic Edition,cpe:2.3:a:adobe:acrobat_reader:20.004.30006:*:*:*:classic:*:*:*,CVE-2023-44372,5.82
Adobe Acrobat Reader 20.004.30006 Classic Edition,cpe:2.3:a:adobe:acrobat_reader:20.004.30006:*:*:*:classic:*:*:*,CVE-2024-20726,5.82
Adobe Acrobat Reader 20.004.30006 Classic Edition,cpe:2.3:a:adobe:acrobat_reader:20.004.30006:*:*:*:classic:*:*:*,CVE-2024-20727,5.82
Adobe Acrobat Reader 20.004.30006 Classic Edition,cpe:2.3:a:adobe:acrobat_reader:20.004.30006:*:*:*:classic:*:*:*,CVE-2024-20728,5.82
Adobe Acrobat Reader 20.004.30006 Classic Edition,cpe:2.3:a:adobe:acrobat_reader:20.004.30006:*:*:*:classic:*:*:*,CVE-2024-20729,5.82
Adobe Acrobat Reader 20.004.30006 Classic Edition,cpe:2.3:a:adobe:acrobat_reader:20.004.30006:*:*:*:classic:*:*:*,CVE-2024-20730,5.82
Adobe Acrobat Reader 20.004.30006 Classic Edition,cpe:2.3:a:adobe:acrobat_reader:20.004.30006:*:*:*:classic:*:*:*,CVE-2024-20731,5.82
Adobe Acrobat Reader 20.004.30006 Classic Edition,cpe:2.3:a:adobe:acrobat_reader:20.004.30006:*:*:*:classic:*:*:*,CVE-2024-20733,4.1
Adobe Acrobat Reader 20.004.30006 Classic Edition,cpe:2.3:a:adobe:acrobat_reader:20.004.30006:*:*:*:classic:*:*:*,CVE-2024-20734,4.1
Adobe Acrobat Reader 20.004.30006 Classic Edition,cpe:2.3:a:adobe:acrobat_reader:20.004.30006:*:*:*:classic:*:*:*,CVE-2024-20735,4.1
Adobe Acrobat Reader 20.004.30006 Classic Edition,cpe:2.3:a:adobe:acrobat_reader:20.004.30006:*:*:*:classic:*:*:*,CVE-2024-20736,4.1
Adobe Acrobat Reader 20.004.30006 Classic Edition,cpe:2.3:a:adobe:acrobat_reader:20.004.30006:*:*:*:classic:*:*:*,CVE-2024-20747,4.1
Adobe Acrobat Reader 20.004.30006 Classic Edition,cpe:2.3:a:adobe:acrobat_reader:20.004.30006:*:*:*:classic:*:*:*,CVE-2024-20748,4.1
Adobe Acrobat Reader 20.004.30006 Classic Edition,cpe:2.3:a:adobe:acrobat_reader:20.004.30006:*:*:*:classic:*:*:*,CVE-2024-20749,4.1
Adobe Acrobat Reader 20.004.30006 Classic Edition,cpe:2.3:a:adobe:acrobat_reader:20.004.30006:*:*:*:classic:*:*:*,CVE-2024-20765,5.82
Adobe Acrobat Reader 20.004.30006 Classic Edition,cpe:2.3:a:adobe:acrobat_reader:20.004.30006:*:*:*:classic:*:*:*,CVE-2024-30301,5.82
Adobe Acrobat Reader 20.004.30006 Classic Edition,cpe:2.3:a:adobe:acrobat_reader:20.004.30006:*:*:*:classic:*:*:*,CVE-2024-30302,4.1
Adobe Acrobat Reader 20.004.30006 Classic Edition,cpe:2.3:a:adobe:acrobat_reader:20.004.30006:*:*:*:classic:*:*:*,CVE-2024-30303,5.82
Adobe Acrobat Reader 20.004.30006 Classic Edition,cpe:2.3:a:adobe:acrobat_reader:20.004.30006:*:*:*:classic:*:*:*,CVE-2024-30304,5.82
Adobe Acrobat Reader 20.004.30006 Classic Edition,cpe:2.3:a:adobe:acrobat_reader:20.004.30006:*:*:*:classic:*:*:*,CVE-2024-30305,5.82
Adobe Acrobat Reader 20.004.30006 Classic Edition,cpe:2.3:a:adobe:acrobat_reader:20.004.30006:*:*:*:classic:*:*:*,CVE-2024-30306,5.82
Adobe Acrobat Reader 20.004.30006 Classic Edition,cpe:2.3:a:adobe:acrobat_reader:20.004.30006:*:*:*:classic:*:*:*,CVE-2024-30284,5.82
Adobe Acrobat Reader 20.004.30006 Classic Edition,cpe:2.3:a:adobe:acrobat_reader:20.004.30006:*:*:*:classic:*:*:*,CVE-2024-30310,5.82
Adobe Acrobat Reader 20.004.30006 Classic Edition,cpe:2.3:a:adobe:acrobat_reader:20.004.30006:*:*:*:classic:*:*:*,CVE-2024-30311,4.1
Adobe Acrobat Reader 20.004.30006 Classic Edition,cpe:2.3:a:adobe:acrobat_reader:20.004.30006:*:*:*:classic:*:*:*,CVE-2024-30312,4.1
Adobe Acrobat Reader 20.004.30006 Classic Edition,cpe:2.3:a:adobe:acrobat_reader:20.004.30006:*:*:*:classic:*:*:*,CVE-2024-34094,5.82
Adobe Acrobat Reader 20.004.30006 Classic Edition,cpe:2.3:a:adobe:acrobat_reader:20.004.30006:*:*:*:classic:*:*:*,CVE-2024-34095,5.82
Adobe Acrobat Reader 20.004.30006 Classic Edition,cpe:2.3:a:adobe:acrobat_reader:20.004.30006:*:*:*:classic:*:*:*,CVE-2024-34096,5.82
Adobe Acrobat Reader 20.004.30006 Classic Edition,cpe:2.3:a:adobe:acrobat_reader:20.004.30006:*:*:*:classic:*:*:*,CVE-2024-34097,5.82
Adobe Acrobat Reader 20.004.30006 Classic Edition,cpe:2.3:a:adobe:acrobat_reader:20.004.30006:*:*:*:classic:*:*:*,CVE-2024-34098,5.82
Adobe Acrobat Reader 20.004.30006 Classic Edition,cpe:2.3:a:adobe:acrobat_reader:20.004.30006:*:*:*:classic:*:*:*,CVE-2024-34099,5.82
Adobe Acrobat Reader 20.004.30006 Classic Edition,cpe:2.3:a:adobe:acrobat_reader:20.004.30006:*:*:*:classic:*:*:*,CVE-2024-34100,5.82
Adobe Acrobat Reader 20.004.30006 Classic Edition,cpe:2.3:a:adobe:acrobat_reader:20.004.30006:*:*:*:classic:*:*:*,CVE-2024-34101,4.1
Adobe Acrobat Reader 20.004.30006 Classic Edition,cpe:2.3:a:adobe:acrobat_reader:20.004.30006:*:*:*:classic:*:*:*,CVE-2024-30279,5.82
Adobe Acrobat Reader 20.004.30006 Classic Edition,cpe:2.3:a:adobe:acrobat_reader:20.004.30006:*:*:*:classic:*:*:*,CVE-2024-30280,5.82
Adobe Acrobat Reader 20.004.30006 Classic Edition,cpe:2.3:a:adobe:acrobat_reader:20.004.30006:*:*:*:classic:*:*:*,CVE-2024-39383,5.82
Adobe Acrobat Reader 20.004.30006 Classic Edition,cpe:2.3:a:adobe:acrobat_reader:20.004.30006:*:*:*:classic:*:*:*,CVE-2024-39420,5.22
Adobe Acrobat Reader 20.004.30006 Classic Edition,cpe:2.3:a:adobe:acrobat_reader:20.004.30006:*:*:*:classic:*:*:*,CVE-2024-39422,5.82
Adobe Acrobat Reader 20.004.30006 Classic Edition,cpe:2.3:a:adobe:acrobat_reader:20.004.30006:*:*:*:classic:*:*:*,CVE-2024-39423,5.82
Adobe Acrobat Reader 20.004.30006 Classic Edition,cpe:2.3:a:adobe:acrobat_reader:20.004.30006:*:*:*:classic:*:*:*,CVE-2024-39424,5.82
Adobe Acrobat Reader 20.004.30006 Classic Edition,cpe:2.3:a:adobe:acrobat_reader:20.004.30006:*:*:*:classic:*:*:*,CVE-2024-39425,5.22
Adobe Acrobat Reader 20.004.30006 Classic Edition,cpe:2.3:a:adobe:acrobat_reader:20.004.30006:*:*:*:classic:*:*:*,CVE-2024-39426,5.82
Adobe Acrobat Reader 20.004.30006 Classic Edition,cpe:2.3:a:adobe:acrobat_reader:20.004.30006:*:*:*:classic:*:*:*,CVE-2024-41830,5.82
Adobe Acrobat Reader 20.004.30006 Classic Edition,cpe:2.3:a:adobe:acrobat_reader:20.004.30006:*:*:*:classic:*:*:*,CVE-2024-41831,5.82
Adobe Acrobat Reader 20.004.30006 Classic Edition,cpe:2.3:a:adobe:acrobat_reader:20.004.30006:*:*:*:classic:*:*:*,CVE-2024-41832,4.1
Adobe Acrobat Reader 20.004.30006 Classic Edition,cpe:2.3:a:adobe:acrobat_reader:20.004.30006:*:*:*:classic:*:*:*,CVE-2024-41833,4.1
Adobe Acrobat Reader 20.004.30006 Classic Edition,cpe:2.3:a:adobe:acrobat_reader:20.004.30006:*:*:*:classic:*:*:*,CVE-2024-41834,4.1
Adobe Acrobat Reader 20.004.30006 Classic Edition,cpe:2.3:a:adobe:acrobat_reader:20.004.30006:*:*:*:classic:*:*:*,CVE-2024-41835,4.1
Adobe Acrobat Reader 20.004.30006 Classic Edition,cpe:2.3:a:adobe:acrobat_reader:20.004.30006:*:*:*:classic:*:*:*,CVE-2024-45107,4.1
Adobe Acrobat Reader 20.004.30006 Classic Edition,cpe:2.3:a:adobe:acrobat_reader:20.004.30006:*:*:*:classic:*:*:*,CVE-2024-41869,5.82
Adobe Acrobat Reader 20.004.30006 Classic Edition,cpe:2.3:a:adobe:acrobat_reader:20.004.30006:*:*:*:classic:*:*:*,CVE-2024-45112,5.82
Adobe Acrobat Reader 20.004.30006 Classic Edition,cpe:2.3:a:adobe:acrobat_reader:20.004.30006:*:*:*:classic:*:*:*,CVE-2024-49530,5.82
Adobe Acrobat Reader 20.004.30006 Classic Edition,cpe:2.3:a:adobe:acrobat_reader:20.004.30006:*:*:*:classic:*:*:*,CVE-2024-49531,4.1
Adobe Acrobat Reader 20.004.30006 Classic Edition,cpe:2.3:a:adobe:acrobat_reader:20.004.30006:*:*:*:classic:*:*:*,CVE-2024-49532,4.1
Adobe Acrobat Reader 20.004.30006 Classic Edition,cpe:2.3:a:adobe:acrobat_reader:20.004.30006:*:*:*:classic:*:*:*,CVE-2024-49533,4.1
Adobe Acrobat Reader 20.004.30006 Classic Edition,cpe:2.3:a:adobe:acrobat_reader:20.004.30006:*:*:*:classic:*:*:*,CVE-2024-49534,4.1
Adobe Acrobat Reader 20.004.30006 Classic Edition,cpe:2.3:a:adobe:acrobat_reader:20.004.30006:*:*:*:classic:*:*:*,CVE-2024-49535,4.6
Adobe Acrobat Reader 20.004.30006 Classic Edition,cpe:2.3:a:adobe:acrobat_reader:20.004.30006:*:*:*:classic:*:*:*,CVE-2022-44512,5.82
Adobe Acrobat Reader 20.004.30006 Classic Edition,cpe:2.3:a:adobe:acrobat_reader:20.004.30006:*:*:*:classic:*:*:*,CVE-2022-44513,5.82
Adobe Acrobat Reader 20.004.30006 Classic Edition,cpe:2.3:a:adobe:acrobat_reader:20.004.30006:*:*:*:classic:*:*:*,CVE-2022-44514,5.82
Adobe Acrobat Reader 20.004.30006 Classic Edition,cpe:2.3:a:adobe:acrobat_reader:20.004.30006:*:*:*:classic:*:*:*,CVE-2022-44515,4.1
Adobe Acrobat Reader 20.004.30006 Classic Edition,cpe:2.3:a:adobe:acrobat_reader:20.004.30006:*:*:*:classic:*:*:*,CVE-2022-44516,4.1
Adobe Acrobat Reader 20.004.30006 Classic Edition,cpe:2.3:a:adobe:acrobat_reader:20.004.30006:*:*:*:classic:*:*:*,CVE-2022-44517,4.1
Adobe Acrobat Reader 20.004.30006 Classic Edition,cpe:2.3:a:adobe:acrobat_reader:20.004.30006:*:*:*:classic:*:*:*,CVE-2022-44518,5.82
Adobe Acrobat Reader 20.004.30006 Classic Edition,cpe:2.3:a:adobe:acrobat_reader:20.004.30006:*:*:*:classic:*:*:*,CVE-2022-44519,4.1
Adobe Acrobat Reader 20.004.30006 Classic Edition,cpe:2.3:a:adobe:acrobat_reader:20.004.30006:*:*:*:classic:*:*:*,CVE-2022-44520,5.82
Adobe Acrobat Reader 20.004.30006 Classic Edition,cpe:2.3:a:adobe:acrobat_reader:20.004.30006:*:*:*:classic:*:*:*,CVE-2023-21586,4.1
Adobe Acrobat Reader 20.004.30006 Classic Edition,cpe:2.3:a:adobe:acrobat_reader:20.004.30006:*:*:*:classic:*:*:*,CVE-2025-24431,4.1
Adobe Acrobat Reader 20.004.30006 Classic Edition,cpe:2.3:a:adobe:acrobat_reader:20.004.30006:*:*:*:classic:*:*:*,CVE-2025-27158,5.82
Adobe Acrobat Reader 20.004.30006 Classic Edition,cpe:2.3:a:adobe:acrobat_reader:20.004.30006:*:*:*:classic:*:*:*,CVE-2025-27159,5.82
Adobe Acrobat Reader 20.004.30006 Classic Edition,cpe:2.3:a:adobe:acrobat_reader:20.004.30006:*:*:*:classic:*:*:*,CVE-2025-27160,5.82
Adobe Acrobat Reader 20.004.30006 Classic Edition,cpe:2.3:a:adobe:acrobat_reader:20.004.30006:*:*:*:classic:*:*:*,CVE-2025-27161,5.82
Adobe Acrobat Reader 20.004.30006 Classic Edition,cpe:2.3:a:adobe:acrobat_reader:20.004.30006:*:*:*:classic:*:*:*,CVE-2025-27162,5.82
Adobe Acrobat Reader 20.004.30006 Classic Edition,cpe:2.3:a:adobe:acrobat_reader:20.004.30006:*:*:*:classic:*:*:*,CVE-2025-27163,4.1
Adobe Acrobat Reader 20.004.30006 Classic Edition,cpe:2.3:a:adobe:acrobat_reader:20.004.30006:*:*:*:classic:*:*:*,CVE-2025-27164,4.1
Adobe Acrobat Reader 20.004.30006 Classic Edition,cpe:2.3:a:adobe:acrobat_reader:20.004.30006:*:*:*:classic:*:*:*,CVE-2025-27174,5.82
Oracle SuiteCommerce Advanced,cpe:2.3:a:oracle:suitecommerce_advanced:-:*:*:*:*:*:*:*,CVE-2020-14728,3.95
Oracle SuiteCommerce Advanced,cpe:2.3:a:oracle:suitecommerce_advanced:-:*:*:*:*:*:*:*,CVE-2020-14729,4.05
Oracle SuiteCommerce Advanced 2020.1.4,cpe:2.3:a:oracle:suitecommerce_advanced:2020.1.4:*:*:*:*:*:*:*,,
Alteryx Server 2022.1.1.42590,cpe:2.3:a:alteryx:alteryx_server:2022.1.1.42590:*:*:*:*:*:*:*,CVE-2023-26961,3.5
Fortinet FortiGate 7000,cpe:2.3:h:fortinet:fortigate_7000:-:*:*:*:*:*:*:*,CVE-2023-27997,7.35
Workday 31.2,cpe:2.3:a:workday:workday:31.2:*:*:*:*:*:*:*,CVE-2019-12134,6.58
Alfresco Enterprise 4.1.6.13,cpe:2.3:a:alfresco:alfresco:4.1.6.13:*:*:*:enterprise:*:*:*,CVE-2019-19496,3.95
Alfresco Enterprise 4.1.6.13,cpe:2.3:a:alfresco:alfresco:4.1.6.13:*:*:*:enterprise:*:*:*,CVE-2020-8776,3.95
Alfresco Enterprise 4.1.6.13,cpe:2.3:a:alfresco:alfresco:4.1.6.13:*:*:*:enterprise:*:*:*,CVE-2020-8777,3.95
Alfresco Enterprise 4.1.6.13,cpe:2.3:a:alfresco:alfresco:4.1.6.13:*:*:*:enterprise:*:*:*,CVE-2020-8778,3.95
Oracle Database 19c Enterprise Edition,cpe:2.3:a:oracle:database:19c:*:*:*:enterprise:*:*:*,CVE-2018-1288,4.03
Oracle Database 19c Enterprise Edition,cpe:2.3:a:oracle:database:19c:*:*:*:enterprise:*:*:*,CVE-2019-3738,4.85
Oracle Database 19c Enterprise Edition,cpe:2.3:a:oracle:database:19c:*:*:*:enterprise:*:*:*,CVE-2019-3739,4.85
Oracle Database 19c Enterprise Edition,cpe:2.3:a:oracle:database:19c:*:*:*:enterprise:*:*:*,CVE-2019-3740,4.85
Oracle Database 19c Enterprise Edition,cpe:2.3:a:oracle:database:19c:*:*:*:enterprise:*:*:*,CVE-2020-9484,5.22
Oracle Database 19c Enterprise Edition,cpe:2.3:a:oracle:database:19c:*:*:*:enterprise:*:*:*,CVE-2020-14901,3.65
Oracle Database 19c Enterprise Edition,cpe:2.3:a:oracle:database:19c:*:*:*:enterprise:*:*:*,CVE-2020-5359,4.22
Oracle Database 19c Enterprise Edition,cpe:2.3:a:oracle:database:19c:*:*:*:enterprise:*:*:*,CVE-2020-5360,5.62
Oracle Database 19c Enterprise Edition,cpe:2.3:a:oracle:database:19c:*:*:*:enterprise:*:*:*,CVE-2021-25122,5.62
Oracle Database 19c Enterprise Edition,cpe:2.3:a:oracle:database:19c:*:*:*:enterprise:*:*:*,CVE-2021-25329,5.22
Oracle Database 19c Enterprise Edition,cpe:2.3:a:oracle:database:19c:*:*:*:enterprise:*:*:*,CVE-2021-2207,1.7
Oracle Database 19c Enterprise Edition,cpe:2.3:a:oracle:database:19c:*:*:*:enterprise:*:*:*,CVE-2021-2245,2.0
Oracle Database 19c Enterprise Edition,cpe:2.3:a:oracle:database:19c:*:*:*:enterprise:*:*:*,CVE-2021-2334,2.62
Oracle Database 19c Enterprise Edition,cpe:2.3:a:oracle:database:19c:*:*:*:enterprise:*:*:*,CVE-2021-2335,2.62
Oracle Database 19c Enterprise Edition,cpe:2.3:a:oracle:database:19c:*:*:*:enterprise:*:*:*,CVE-2021-2336,2.62
Oracle Database 19c Enterprise Edition,cpe:2.3:a:oracle:database:19c:*:*:*:enterprise:*:*:*,CVE-2021-2337,5.38
Oracle Database 19c Enterprise Edition,cpe:2.3:a:oracle:database:19c:*:*:*:enterprise:*:*:*,CVE-2021-35551,4.1
Oracle Database 19c Enterprise Edition,cpe:2.3:a:oracle:database:19c:*:*:*:enterprise:*:*:*,CVE-2021-35557,3.2
Oracle Database 19c Enterprise Edition,cpe:2.3:a:oracle:database:19c:*:*:*:enterprise:*:*:*,CVE-2021-35558,3.2
Oracle Database 19c Enterprise Edition,cpe:2.3:a:oracle:database:19c:*:*:*:enterprise:*:*:*,CVE-2022-21410,5.38
Oracle Database 19c Enterprise Edition,cpe:2.3:a:oracle:database:19c:*:*:*:enterprise:*:*:*,CVE-2022-21411,4.03
Oracle Database 19c Enterprise Edition,cpe:2.3:a:oracle:database:19c:*:*:*:enterprise:*:*:*,CVE-2022-21498,4.85
Oracle Database 19c Enterprise Edition,cpe:2.3:a:oracle:database:19c:*:*:*:enterprise:*:*:*,CVE-2020-26185,5.62
Oracle Database 19c Enterprise Edition,cpe:2.3:a:oracle:database:19c:*:*:*:enterprise:*:*:*,CVE-2020-29506,4.95
Oracle Database 19c Enterprise Edition,cpe:2.3:a:oracle:database:19c:*:*:*:enterprise:*:*:*,CVE-2020-29507,3.98
Oracle Database 19c Enterprise Edition,cpe:2.3:a:oracle:database:19c:*:*:*:enterprise:*:*:*,CVE-2020-29508,3.98
Oracle Database 19c Enterprise Edition,cpe:2.3:a:oracle:database:19c:*:*:*:enterprise:*:*:*,CVE-2020-35163,3.98
Oracle Database 19c Enterprise Edition,cpe:2.3:a:oracle:database:19c:*:*:*:enterprise:*:*:*,CVE-2020-35164,5.0
Oracle Database 19c Enterprise Edition,cpe:2.3:a:oracle:database:19c:*:*:*:enterprise:*:*:*,CVE-2020-35166,3.8
Oracle Database 19c Enterprise Edition,cpe:2.3:a:oracle:database:19c:*:*:*:enterprise:*:*:*,CVE-2020-35167,3.5
Oracle Database 19c Enterprise Edition,cpe:2.3:a:oracle:database:19c:*:*:*:enterprise:*:*:*,CVE-2020-35168,3.5
Oracle Database 19c Enterprise Edition,cpe:2.3:a:oracle:database:19c:*:*:*:enterprise:*:*:*,CVE-2020-35169,6.82
Oracle Database 19c Enterprise Edition,cpe:2.3:a:oracle:database:19c:*:*:*:enterprise:*:*:*,CVE-2022-21432,2.0
Oracle Database 19c Enterprise Edition,cpe:2.3:a:oracle:database:19c:*:*:*:enterprise:*:*:*,CVE-2022-21565,4.85
Oracle Database 19c Enterprise Edition,cpe:2.3:a:oracle:database:19c:*:*:*:enterprise:*:*:*,CVE-2022-21596,5.38
Oracle Database 19c Enterprise Edition,cpe:2.3:a:oracle:database:19c:*:*:*:enterprise:*:*:*,CVE-2023-21827,3.2
Oracle Database 19c Enterprise Edition,cpe:2.3:a:oracle:database:19c:*:*:*:enterprise:*:*:*,CVE-2023-21829,4.72
Oracle Database 19c Enterprise Edition,cpe:2.3:a:oracle:database:19c:*:*:*:enterprise:*:*:*,CVE-2023-21934,5.1
Oracle Database Vault 19c,cpe:2.3:a:oracle:database_vault:19c:*:*:*:*:*:*:*,CVE-2021-2326,2.0
Oracle Database Server 19c,cpe:2.3:a:oracle:database_server:19c:*:*:*:*:*:*:*,CVE-2003-0727,
Oracle Database Server 19c,cpe:2.3:a:oracle:database_server:19c:*:*:*:*:*:*:*,CVE-2005-0297,
Oracle Database Server 19c,cpe:2.3:a:oracle:database_server:19c:*:*:*:*:*:*:*,CVE-2005-0701,
Oracle Database Server 19c,cpe:2.3:a:oracle:database_server:19c:*:*:*:*:*:*:*,CVE-2006-2081,
Oracle Database Server 19c,cpe:2.3:a:oracle:database_server:19c:*:*:*:*:*:*:*,CVE-2006-7141,
Oracle Database Server 19c,cpe:2.3:a:oracle:database_server:19c:*:*:*:*:*:*:*,CVE-2007-5510,
Oracle Database Server 19c,cpe:2.3:a:oracle:database_server:19c:*:*:*:*:*:*:*,CVE-2007-5511,
Oracle Database Server 19c,cpe:2.3:a:oracle:database_server:19c:*:*:*:*:*:*:*,CVE-2007-5554,
Oracle Database Server 19c,cpe:2.3:a:oracle:database_server:19c:*:*:*:*:*:*:*,CVE-2007-5897,
Oracle Database Server 19c,cpe:2.3:a:oracle:database_server:19c:*:*:*:*:*:*:*,CVE-2007-6260,
Oracle Database Server 19c,cpe:2.3:a:oracle:database_server:19c:*:*:*:*:*:*:*,CVE-2009-1996,
Oracle Database Server 19c,cpe:2.3:a:oracle:database_server:19c:*:*:*:*:*:*:*,CVE-2016-2381,5.62
Oracle Database Server 19c,cpe:2.3:a:oracle:database_server:19c:*:*:*:*:*:*:*,CVE-2018-10237,4.4
Oracle Database Server 19c,cpe:2.3:a:oracle:database_server:19c:*:*:*:*:*:*:*,CVE-2018-1000873,4.85
Oracle Database Server 19c,cpe:2.3:a:oracle:database_server:19c:*:*:*:*:*:*:*,CVE-2018-14719,7.35
Oracle Database Server 19c,cpe:2.3:a:oracle:database_server:19c:*:*:*:*:*:*:*,CVE-2019-2518,5.62
Oracle Database Server 19c,cpe:2.3:a:oracle:database_server:19c:*:*:*:*:*:*:*,CVE-2019-2749,5.1
Oracle Database Server 19c,cpe:2.3:a:oracle:database_server:19c:*:*:*:*:*:*:*,CVE-2019-2776,5.55
Oracle Database Server 19c,cpe:2.3:a:oracle:database_server:19c:*:*:*:*:*:*:*,CVE-2019-16942,7.35
Oracle Database Server 19c,cpe:2.3:a:oracle:database_server:19c:*:*:*:*:*:*:*,CVE-2018-2875,3.62
Oracle Database Server 19c,cpe:2.3:a:oracle:database_server:19c:*:*:*:*:*:*:*,CVE-2019-2734,3.2
Oracle Database Server 19c,cpe:2.3:a:oracle:database_server:19c:*:*:*:*:*:*:*,CVE-2019-2909,4.95
Oracle Database Server 19c,cpe:2.3:a:oracle:database_server:19c:*:*:*:*:*:*:*,CVE-2019-2913,3.62
Oracle Database Server 19c,cpe:2.3:a:oracle:database_server:19c:*:*:*:*:*:*:*,CVE-2019-2939,3.62
Oracle Database Server 19c,cpe:2.3:a:oracle:database_server:19c:*:*:*:*:*:*:*,CVE-2019-2954,2.9
Oracle Database Server 19c,cpe:2.3:a:oracle:database_server:19c:*:*:*:*:*:*:*,CVE-2019-2955,2.9
Oracle Database Server 19c,cpe:2.3:a:oracle:database_server:19c:*:*:*:*:*:*:*,CVE-2019-2956,4.28
Oracle Database Server 19c,cpe:2.3:a:oracle:database_server:19c:*:*:*:*:*:*:*,CVE-2019-10219,4.42
Oracle Database Server 19c,cpe:2.3:a:oracle:database_server:19c:*:*:*:*:*:*:*,CVE-2020-2510,5.62
Oracle Database Server 19c,cpe:2.3:a:oracle:database_server:19c:*:*:*:*:*:*:*,CVE-2020-2511,5.62
Oracle Database Server 19c,cpe:2.3:a:oracle:database_server:19c:*:*:*:*:*:*:*,CVE-2020-2512,4.4
Oracle Database Server 19c,cpe:2.3:a:oracle:database_server:19c:*:*:*:*:*:*:*,CVE-2020-2515,3.75
Oracle Database Server 19c,cpe:2.3:a:oracle:database_server:19c:*:*:*:*:*:*:*,CVE-2020-2516,1.77
Oracle Database Server 19c,cpe:2.3:a:oracle:database_server:19c:*:*:*:*:*:*:*,CVE-2020-2517,2.45
Oracle Database Server 19c,cpe:2.3:a:oracle:database_server:19c:*:*:*:*:*:*:*,CVE-2020-2518,5.62
Oracle Database Server 19c,cpe:2.3:a:oracle:database_server:19c:*:*:*:*:*:*:*,CVE-2020-2527,2.98
Oracle Database Server 19c,cpe:2.3:a:oracle:database_server:19c:*:*:*:*:*:*:*,CVE-2020-2731,2.9
Oracle Database Server 19c,cpe:2.3:a:oracle:database_server:19c:*:*:*:*:*:*:*,CVE-2020-1953,7.47
Oracle Database Server 19c,cpe:2.3:a:oracle:database_server:19c:*:*:*:*:*:*:*,CVE-2020-2734,1.77
Oracle Database Server 19c,cpe:2.3:a:oracle:database_server:19c:*:*:*:*:*:*:*,CVE-2020-2735,5.83
Oracle Database Server 19c,cpe:2.3:a:oracle:database_server:19c:*:*:*:*:*:*:*,CVE-2020-2737,4.8
Oracle Database Server 19c,cpe:2.3:a:oracle:database_server:19c:*:*:*:*:*:*:*,CVE-2020-2968,5.83
Oracle Database Server 19c,cpe:2.3:a:oracle:database_server:19c:*:*:*:*:*:*:*,CVE-2020-2969,4.95
Oracle Database Server 19c,cpe:2.3:a:oracle:database_server:19c:*:*:*:*:*:*:*,CVE-2021-1993,3.6
Oracle Database Server 19c,cpe:2.3:a:oracle:database_server:19c:*:*:*:*:*:*:*,CVE-2021-2000,1.77
Oracle Database Server 19c,cpe:2.3:a:oracle:database_server:19c:*:*:*:*:*:*:*,CVE-2021-2173,2.98
Oracle Database Server 19c,cpe:2.3:a:oracle:database_server:19c:*:*:*:*:*:*:*,CVE-2021-2175,2.0
Oracle Database Server 19c,cpe:2.3:a:oracle:database_server:19c:*:*:*:*:*:*:*,CVE-2021-2234,3.95
Oracle Database Server 19c,cpe:2.3:a:oracle:database_server:19c:*:*:*:*:*:*:*,CVE-2021-2332,5.03
Oracle Database Server 19c,cpe:2.3:a:oracle:database_server:19c:*:*:*:*:*:*:*,CVE-2022-21247,2.0
Oracle Database Server 19c,cpe:2.3:a:oracle:database_server:19c:*:*:*:*:*:*:*,CVE-2022-21393,3.2
Oracle Database Server 19c,cpe:2.3:a:oracle:database_server:19c:*:*:*:*:*:*:*,CVE-2022-21606,4.42
Oracle Database Server 19c,cpe:2.3:a:oracle:database_server:19c:*:*:*:*:*:*:*,CVE-2023-21893,5.62
Oracle Database Recovery Manager 19c,cpe:2.3:a:oracle:database_recovery_manager:19c:*:*:*:*:*:*:*,CVE-2023-21918,4.97
Microsoft Exchange Server 2019,cpe:2.3:a:microsoft:exchange_server:2019:-:*:*:*:*:*:*,CVE-1999-1322,
Microsoft Exchange Server 2019,cpe:2.3:a:microsoft:exchange_server:2019:-:*:*:*:*:*:*,CVE-2000-0216,
Microsoft Exchange Server 2019,cpe:2.3:a:microsoft:exchange_server:2019:-:*:*:*:*:*:*,CVE-2011-0290,
Microsoft Exchange Server 2019,cpe:2.3:a:microsoft:exchange_server:2019:-:*:*:*:*:*:*,CVE-2012-2284,
Microsoft Exchange Server 2019,cpe:2.3:a:microsoft:exchange_server:2019:-:*:*:*:*:*:*,CVE-2018-8581,5.55
Microsoft Exchange Server 2019,cpe:2.3:a:microsoft:exchange_server:2019:-:*:*:*:*:*:*,CVE-2019-0586,7.35
Microsoft Exchange Server 2019,cpe:2.3:a:microsoft:exchange_server:2019:-:*:*:*:*:*:*,CVE-2019-0588,4.85
Microsoft Exchange Server 2019,cpe:2.3:a:microsoft:exchange_server:2019:-:*:*:*:*:*:*,CVE-2019-0817,4.03
Microsoft Exchange Server 2019,cpe:2.3:a:microsoft:exchange_server:2019:-:*:*:*:*:*:*,CVE-2019-0858,4.42
Microsoft Exchange Server 2019,cpe:2.3:a:microsoft:exchange_server:2019:-:*:*:*:*:*:*,CVE-2019-1137,3.95
Microsoft Exchange Server 2019,cpe:2.3:a:microsoft:exchange_server:2019:-:*:*:*:*:*:*,CVE-2021-26855,6.82
Microsoft Exchange Server 2019,cpe:2.3:a:microsoft:exchange_server:2019:-:*:*:*:*:*:*,CVE-2021-26857,5.82
Microsoft Exchange Server 2019,cpe:2.3:a:microsoft:exchange_server:2019:-:*:*:*:*:*:*,CVE-2021-26858,5.82
Microsoft Exchange Server 2019,cpe:2.3:a:microsoft:exchange_server:2019:-:*:*:*:*:*:*,CVE-2021-27065,5.82
Microsoft Exchange Server 2019,cpe:2.3:a:microsoft:exchange_server:2019:-:*:*:*:*:*:*,CVE-2023-21709,7.35
Microsoft Exchange Server 2019,cpe:2.3:a:microsoft:exchange_server:2019:-:*:*:*:*:*:*,CVE-2023-36777,4.28
Microsoft Exchange Server 2019,cpe:2.3:a:microsoft:exchange_server:2019:-:*:*:*:*:*:*,CVE-2024-26198,6.58
Microsoft Exchange Server 2019,cpe:2.3:a:microsoft:exchange_server:2019:-:*:*:*:*:*:*,CVE-2024-49040,5.62
Microsoft Exchange Server 2019 Cumulative Update 14,cpe:2.3:a:microsoft:exchange_server:2019:cumulative_update_14:*:*:*:*:*:*,CVE-1999-1322,
Microsoft Exchange Server 2019 Cumulative Update 14,cpe:2.3:a:microsoft:exchange_server:2019:cumulative_update_14:*:*:*:*:*:*,CVE-2000-0216,
Microsoft Exchange Server 2019 Cumulative Update 14,cpe:2.3:a:microsoft:exchange_server:2019:cumulative_update_14:*:*:*:*:*:*,CVE-2011-0290,
Microsoft Exchange Server 2019 Cumulative Update 14,cpe:2.3:a:microsoft:exchange_server:2019:cumulative_update_14:*:*:*:*:*:*,CVE-2012-2284,
Microsoft Exchange Server 2019 Cumulative Update 14,cpe:2.3:a:microsoft:exchange_server:2019:cumulative_update_14:*:*:*:*:*:*,CVE-2024-21410,7.35
